payment_id,order_id,payment_ts,payment_mode,amount_paid,payment_status,gateway_ref,failure_reason
PAY0001651,ORD000188,2026-09-03 13:23:25,Card,94.5,SUCCESS,GW7909341632,duplicate payment_id
PAY0000755,ORD000094,2026-09-02 10:58:26,Card,403.2,SUCCESS,GW2899060380,duplicate payment_id
PAY0000509,ORD002122,2026-09-27 14:57:42,UPI,148.8,SUCCESS,GW5719011844,duplicate payment_id
PAY0000509,ORD002122,2026-09-27 14:57:42,UPI,148.8,SUCCESS,GW5719011844,duplicate payment_id
PAY0002000,ORD000513,2026-09-07 23:16:17,Wallet,684.0,SUCCESS,GW2663042309,duplicate payment_id
PAY0001651,ORD000188,2026-09-03 13:23:25,Card,94.5,SUCCESS,GW7909341632,duplicate payment_id
PAY0002000,ORD000513,2026-09-07 23:16:17,Wallet,684.0,SUCCESS,GW2663042309,duplicate payment_id
PAY0000755,ORD000094,2026-09-02 10:58:26,Card,403.2,SUCCESS,GW2899060380,duplicate payment_id
PAY0001568,ORD001031,2026-09-14 12:22:19,Card,-43.05,SUCCESS,GW1747803275,SUCCESS amount_paid does not equal order_amount
PAY0002188,ORD000934,2026-09-13 10:01:19,upi,161.0,SUCCESS,GW3296561639,invalid payment_mode: upi
PAY0002219,ORD970544,2026-09-18 14:22:10,UPI,730.27,SUCCESS,GW1392574404,payment references unknown order
PAY0000354,ORD001937,2026-09-25 10:53:28,Card,455.0,SUCCESS,GW9110184234,SUCCESS amount_paid does not equal order_amount
PAY0000779,ORD001840,2026-09-24 06:35:39,UPI,2.6,SUCCESS,GW7951306676,SUCCESS amount_paid does not equal order_amount
PAY0001850,ORD000433,2026-09-06 21:36:21,upi,226.4,SUCCESS,GW6655370534,invalid payment_mode: upi
PAY0002220,ORD968496,2026-09-18 14:22:10,UPI,606.87,SUCCESS,GW1503323383,payment references unknown order
PAY0000323,ORD001864,2026-09-24 13:21:43,Card,182.95,SUCCESS,GW6667684063,SUCCESS amount_paid does not equal order_amount
PAY0001167,ORD001753,2026-09-23 08:01:29,Cash on Delivery,452.35,SUCCESS,,SUCCESS amount_paid does not equal order_amount
PAY0001499,ORD001832,2026-09-23 23:19:07,UPI,349.3,SUCCESS,GW8602081086,SUCCESS amount_paid does not equal order_amount
PAY0001954,ORD001640,2026-09-21 17:25:47,cod,619.2,SUCCESS,GW5399600121,invalid payment_mode: cod
PAY0000817,ORD000159,2026-09-03 07:04:47,upi,138.6,SUCCESS,GW7701311403,invalid payment_mode: upi
PAY0001359,ORD001364,2026-09-18 14:17:29,CARD,315.0,SUCCESS,GW9335586712,invalid payment_mode: CARD
PAY0000909,ORD001360,2026-09-18 12:56:10,Card,103.0,SUCCESS,GW2774499359,SUCCESS amount_paid does not equal order_amount
PAY0002223,ORD988106,2026-09-18 14:22:10,UPI,872.5,SUCCESS,GW1440914785,payment references unknown order
PAY0000586,ORD000481,2026-09-07 14:12:12,UPI,2.6,SUCCESS,GW1470909871,SUCCESS amount_paid does not equal order_amount
PAY0000161,ORD001039,2026-09-14 14:03:56,UPI,232.2,SUCCESS,GW8196375720,SUCCESS amount_paid does not equal order_amount
PAY0002221,ORD941071,2026-09-18 14:22:10,UPI,618.36,SUCCESS,GW6750407328,payment references unknown order
PAY0002208,ORD000691,2026-09-10 10:43:32,upi,504.45,SUCCESS,GW5162128273,invalid payment_mode: upi
PAY0002183,ORD000371,2026-09-06 07:22:16,Card,955.4,SUCCESS,GW6688483471,SUCCESS amount_paid does not equal order_amount
PAY0002224,ORD981600,2026-09-18 14:22:10,UPI,536.53,SUCCESS,GW9130004433,payment references unknown order
PAY0000522,ORD001414,2026-09-19 07:48:38,Cashh,288.0,SUCCESS,GW3918166452,invalid payment_mode: Cashh
PAY0000044,ORD001812,2026-09-23 21:12:03,Cashh,353.0,SUCCESS,GW4259899045,invalid payment_mode: Cashh; SUCCESS amount_paid does not equal order_amount
PAY0001813,ORD001572,2026-09-20 18:42:43,UPI,402.4,SUCCESS,GW7151905348,SUCCESS amount_paid does not equal order_amount
PAY0002218,ORD997176,2026-09-18 14:22:10,UPI,396.58,SUCCESS,GW6490074701,payment references unknown order
PAY0001139,ORD000178,2026-09-03 10:43:12,Card,353.0,SUCCESS,GW5431104889,SUCCESS amount_paid does not equal order_amount
PAY0002222,ORD953136,2026-09-18 14:22:10,UPI,581.62,SUCCESS,GW4344391456,payment references unknown order
PAY0000429,ORD002185,2026-09-28 13:06:27,UPI,218.2,SUCCESS,GW2551991961,SUCCESS amount_paid does not equal order_amount
PAY0002217,ORD966342,2026-09-18 14:22:10,UPI,237.84,SUCCESS,GW8488434439,payment references unknown order
